id,name
d8da0460-cf39-4f38-9fff-6c9b4e344d8a,lotion
293ccaec-6592-4f04-aae5-3e238fe62614,windows
80988f09-91a3-4e1b-8e69-13551c53f318,skis
5f79b402-655f-4d8e-8ff3-5ef05870e0ad,bikes
58beb5d3-98f8-4077-a964-1f04f7cb11e5,candy
42cf0f3d-6878-4eee-a989-4975261e65dd,capes
479d4eb2-6d9e-4750-b8f3-b0a6621423f2,carnivorous plants
7be9d33a-5c2d-4477-a0d4-ae3a2e0b5fa8,shoes
79a8e542-dbc1-4e67-9b4a-98df8cd1b3cc,snakes
8cd769fd-383c-48fd-9553-a53d8215e1b8,alternators
776b6a91-ebb0-41b5-a96f-61d2c94720e8,motor oil
f45a9c70-7c12-47a5-bf01-5aea93120d69,trampolines
fdde8145-7afe-4802-a8df-ebcc090683a6,shoes
bde715f4-a3b5-497a-bfa0-96a1fac31cef,paint
ba911cf2-5b62-4b5c-bca7-ab69c3a06c6b,hydroponic equipment
a00bc9eb-ddf2-4ba2-8a9f-c14b15748420,alternators
6b27d6a9-1787-478b-a73a-0ded3ca7e026,lamps
bfcd12fc-e848-41c6-a891-61cf7469128a,fruit
96a9547b-b6bc-4967-9b33-62cbf33e15d0,balloons
1b6f801b-35a7-4d10-a5e3-50ed90c6bd19,pants
2587368e-5b2b-48e0-8041-1f757876866b,apples
8d322706-d9fc-4ed2-92a3-cec0b186a9c7,lamps
c51ac282-1e36-4f1f-b624-d1fd3616983c,water bottles
9e292324-8448-4254-8c0a-b0e373aaeaee,pencil sharpeners
99b624a1-e072-48c6-b427-0b134ca63866,yarn
d34249fa-8f2a-4052-83ba-7118122d5e34,journals
2aac468c-cd83-4265-bebd-df004337ed90,socks
4bd802cd-5b6c-4725-bb63-57b30a411424,lamps
970801bf-4d8b-445d-8271-447b5e7a5e28,toys
150ce0b1-05f8-48ef-bca1-5b516237cfdf,coffee
b85f5ea6-6f33-4746-b933-8a5153a2f142,lotion
95fba593-e6c7-48ff-b1f5-88972f3e2f14,bikes
443e39f6-2d29-41e0-b32d-8e7be788dfc6,pants
d6e311be-6352-4a0d-8221-576d527953d4,board games
e3a82c33-1ad1-4bd8-bf70-fa8045e9e7aa,balloons
9d5ee3ca-a053-4ad1-b795-33b9e5d6195e,journals
5f814eda-c186-4fc3-ad42-ba5406460198,hydroponic equipment
72ddf0d2-1d52-46fb-a0db-e118386db6d7,eggs
892aa333-32c6-41dd-937d-1c2aae5bfdf2,pants
cc022d6c-8172-432b-86fc-7669ccc01030,windows
b55f381d-c18f-4697-8de3-87b2bf6c2144,balloons
74575acb-3f78-4b6e-97aa-86823c8daa9b,carnivorous plants
c7e65ac2-a424-4cdd-abbe-45051dedb3e7,calculators
b7aff472-e4a8-4985-b87a-5bc17b8a4984,guitars
af9de98a-175e-438f-9759-c01158885db3,yoga mats
8dd4d537-b69a-4d83-91b6-5c20514c74ca,hvac
44e05f20-74a0-4ae3-8683-53abac4d66a8,coffee
9891cbae-3c02-4f71-97ca-bac2167c2d63,fruit
92ecc03e-6c20-440c-ac99-c141b17dea8c,windows
9f563356-28f7-4353-b4b9-8caa64c3fab5,hydroponic equipment
629b433c-3eef-4338-8714-f899ad79850b,capes
1510dba4-3023-4d43-a92d-edd2092f79df,pencils
68f7f701-4d57-4f7f-86fa-dcb679343924,coffee
aa796afa-0ae5-4d17-bdf9-c6391ad880ec,fruit
7321f568-ed5a-4e28-80fb-7f65aebbed0b,keyboards
5ab09603-441e-460a-908c-1db3d8641532,coffee
67fc5885-d261-407e-a889-e5bb720d19d5,pants
7fe0c723-2b05-48f5-a22c-eb3a60eae33a,earplugs
37ad3c4e-ccde-419b-8dac-acb976d4c280,candles
75f6e13d-1f96-474e-84ac-83afbc76b9f6,water bottles
91e1b866-b671-4e0b-aeda-cfc8cab0d86b,windows
419b432e-a852-4f94-a881-9c182660e10f,fishing poles
73994c93-335d-4b64-820b-f539297fbe9c,pencil sharpeners
1c4bf3f8-5445-4dd7-9375-b744e1204e18,hats
d684dfe0-666f-4e9d-9c2e-8d74f68fe684,animal masks
b8d574a5-546c-40c8-8b3b-dad0ff5970b0,trampolines
8603e148-2d3c-422a-9b36-3a4241bbdce0,journals
99b12083-d781-411d-95e8-9c83dd987099,furniture
a50960f2-95fd-4dbc-8ef0-15bf753a20fa,capes
8f7daff2-620b-4fc1-9490-a932cebdbd8f,yarn
623d681f-8bc8-4fdf-8045-4f204e8a289a,alternators
31a3a354-b88a-46ef-83bb-4dba05221f8d,windows
8c9c7567-c853-4769-a8af-244e5373676b,hats
3e8e5e4a-8bd6-47a5-8916-7b2f9691b862,capes
85e1286d-79a7-4308-bbea-2f67a344dad7,keyboards
7fe382b8-9316-411f-98e2-c3795e8e32ee,guitars
ec1fd01b-3869-4ca4-b83e-3ae985bd8db0,capes
ee97c346-fa71-4b90-a2fa-e7c573cca833,fruit
1edc17f1-afbc-44f1-b00b-a23a36440cd1,coffee
7dbd3510-9735-4bec-8efb-a9ecbc60b27f,fruit
c5302129-b423-4310-a2af-734c04e75955,candy
1c65b78e-4c67-416e-ad41-70eb4f657710,baby food
10ca12f9-4189-47a2-9686-6f42303282af,animal masks
eb398b83-36f2-4d40-91fd-26e086c5c9cf,candles
b06867f3-f39a-4aa7-8e7a-4f774244331b,board games
1eb6eaa0-f3a4-42d0-8e80-505ec78db4c7,baby food
81d7a772-5f57-4bc6-9d7f-eadc7ab6b32b,furniture
76570022-a237-4cad-95fc-7682d2374450,hats
b3aafbd7-9531-4b55-9b04-581821c85e30,water bottles
005a3b7f-de08-4cbb-bba0-ccf42e85c4d7,shoes
71a7de14-c546-4099-929c-af307c0d2127,fruit
802722fe-527d-4ddf-91f5-65b2fe1f6dec,capes
28bb92fd-40da-42e5-8189-11f5b6d5cdc5,trampolines
f521809c-bc9b-4117-b58b-d8252ffbf717,windows
16f851ea-8ddd-42b2-92fe-dd9c1ac89e16,fruit
42b9222f-6a4b-4486-b80a-ee7bc18817f5,shoes
c525a67b-72d8-49ba-8c08-3b82635d6f10,microwaves
5423481d-6fce-40ab-bea9-69640a650b0b,paint
50531c03-d16d-4d40-bed3-d379a3f2a3ca,socks
abe49e2f-03ce-43f8-b828-79a0905b6327,shoes
31b75be6-53d6-459e-b90f-005dce535a1b,candy
b7bdc199-8f95-4c3f-a01f-ef484ff10838,keyboards
f7de33d1-bee5-4285-b618-ed65a9a49d3e,earplugs
d95cf3ae-f5e5-487b-947c-f628d0a44d30,textbooks
a5647bc7-6e55-4163-a97b-5f85f221eb56,capes
a9784b8d-d222-4cdf-93fb-b3886c8033c5,paint
2fd9a976-bac5-4803-be43-bf93cc618ad1,snakes
45c9bd5b-caf6-4ec1-b1eb-09fe615fbdc6,alternators
d7432792-20ad-4a7f-a395-81f04fee89fe,pencil sharpeners
cebc86e8-c327-46f7-96b3-35684d169455,apples
